<?xml version="1.0" encoding="UTF-8"?>

<ImplementationGuide xmlns="http://hl7.org/fhir">
  <id value="hl7.fhir.jp.core"/>
  <text>
    <status value="extensions"/><div xmlns="http://www.w3.org/1999/xhtml"><h2>FHIRJPCoreImplementationGuide</h2><p>The official URL for this implementation guide is: </p><pre>http://jpfhir.jp/fhir/core/ImplementationGuide/hl7.fhir.jp.core</pre><div><p>日本医療情報学会(JAMI) NeXEHRS課題研究会「HL7®FHIR® 日本実装検討WG」で作成した日本国内におけるベースとなるJP Core実装ガイドのドラフトVer.1.1 です。</p>
</div></div>
  </text>
  <url value="http://jpfhir.jp/fhir/core/ImplementationGuide/hl7.fhir.jp.core"/>
  <version value="1.1.0a"/>
  <name value="FHIRJPCoreImplementationGuide"/>
  <title value="FHIR JP Core 実装ガイド"/>
  <status value="draft"/>
  <date value="2022-03-18"/>
  <publisher value="FHIR Japanese implementation research working group in Japan Association of Medical Informatics (JAMI)"/>
  <contact>
    <name value="FHIR Japanese implementation research working group in Japan Association of Medical Informatics (JAMI)"/>
    <telecom>
      <system value="url"/>
      <value value="http://jpfhir.jp"/>
    </telecom>
    <telecom>
      <system value="email"/>
      <value value="office@hlfhir.jp"/>
    </telecom>
  </contact>
  <description value="日本医療情報学会(JAMI) NeXEHRS課題研究会「HL7®FHIR® 日本実装検討WG」で作成した日本国内におけるベースとなるJP Core実装ガイドのドラフトVer.1.1 です。"/>
  <jurisdiction>
    <coding>
      <system value="urn:iso:std:iso:3166"/>
      <code value="JP"/>
    </coding>
  </jurisdiction>
  <copyright value="FHIR Japanese implementation research working group in Japan Association of Medical Informatics (JAMI)"/>
  <packageId value="hl7.fhir.jp.core"/>
  <license value="CC0-1.0"/>
  <fhirVersion value="4.0.1"/>
  <definition>
    <extension url="http://hl7.org/fhir/tools/StructureDefinition/ig-parameter">
      <extension url="code">
        <valueString value="copyrightyear"/>
      </extension>
      <extension url="value">
        <valueString value="2022+"/>
      </extension>
    </extension>
    <extension url="http://hl7.org/fhir/tools/StructureDefinition/ig-parameter">
      <extension url="code">
        <valueString value="releaselabel"/>
      </extension>
      <extension url="value">
        <valueString value="ci-build"/>
      </extension>
    </extension>
    <extension url="http://hl7.org/fhir/tools/StructureDefinition/ig-parameter">
      <extension url="code">
        <valueString value="path-expansion-params"/>
      </extension>
      <extension url="value">
        <valueString value="../../input/_resources/exp-params.json"/>
      </extension>
    </extension>
    <extension url="http://hl7.org/fhir/tools/StructureDefinition/ig-parameter">
      <extension url="code">
        <valueString value="active-tables"/>
      </extension>
      <extension url="value">
        <valueString value="false"/>
      </extension>
    </extension>
    <extension url="http://hl7.org/fhir/tools/StructureDefinition/ig-parameter">
      <extension url="code">
        <valueString value="apply-version"/>
      </extension>
      <extension url="value">
        <valueString value="true"/>
      </extension>
    </extension>
    <extension url="http://hl7.org/fhir/tools/StructureDefinition/ig-parameter">
      <extension url="code">
        <valueString value="apply-copyright"/>
      </extension>
      <extension url="value">
        <valueString value="true"/>
      </extension>
    </extension>
    <extension url="http://hl7.org/fhir/tools/StructureDefinition/ig-parameter">
      <extension url="code">
        <valueString value="apply-publisher"/>
      </extension>
      <extension url="value">
        <valueString value="true"/>
      </extension>
    </extension>
    <extension url="http://hl7.org/fhir/tools/StructureDefinition/ig-parameter">
      <extension url="code">
        <valueString value="apply-contact"/>
      </extension>
      <extension url="value">
        <valueString value="true"/>
      </extension>
    </extension>
    <extension url="http://hl7.org/fhir/tools/StructureDefinition/ig-parameter">
      <extension url="code">
        <valueString value="apply-licese"/>
      </extension>
      <extension url="value">
        <valueString value="true"/>
      </extension>
    </extension>
    <extension url="http://hl7.org/fhir/tools/StructureDefinition/ig-parameter">
      <extension url="code">
        <valueString value="apply-jurisdiction"/>
      </extension>
      <extension url="value">
        <valueString value="true"/>
      </extension>
    </extension>
    <extension url="http://hl7.org/fhir/tools/StructureDefinition/ig-parameter">
      <extension url="code">
        <valueString value="show-inherited-invariants"/>
      </extension>
      <extension url="value">
        <valueString value="true"/>
      </extension>
    </extension>
    <extension url="http://hl7.org/fhir/tools/StructureDefinition/ig-parameter">
      <extension url="code">
        <valueString value="usage-stats-opt-out"/>
      </extension>
      <extension url="value">
        <valueString value="true"/>
      </extension>
    </extension>
    <extension url="http://hl7.org/fhir/tools/StructureDefinition/ig-parameter">
      <extension url="code">
        <valueString value="excludexml"/>
      </extension>
      <extension url="value">
        <valueString value="false"/>
      </extension>
    </extension>
    <extension url="http://hl7.org/fhir/tools/StructureDefinition/ig-parameter">
      <extension url="code">
        <valueString value="excludejsn"/>
      </extension>
      <extension url="value">
        <valueString value="false"/>
      </extension>
    </extension>
    <extension url="http://hl7.org/fhir/tools/StructureDefinition/ig-parameter">
      <extension url="code">
        <valueString value="excludettl"/>
      </extension>
      <extension url="value">
        <valueString value="true"/>
      </extension>
    </extension>
    <extension url="http://hl7.org/fhir/tools/StructureDefinition/ig-parameter">
      <extension url="code">
        <valueString value="excludemap"/>
      </extension>
      <extension url="value">
        <valueString value="true"/>
      </extension>
    </extension>
    <extension url="http://hl7.org/fhir/tools/StructureDefinition/ig-parameter">
      <extension url="code">
        <valueString value="excludeexample"/>
      </extension>
      <extension url="value">
        <valueString value="true"/>
      </extension>
    </extension>
    <extension url="http://hl7.org/fhir/tools/StructureDefinition/ig-parameter">
      <extension url="code">
        <valueString value="generate"/>
      </extension>
      <extension url="value">
        <valueString value="xml"/>
      </extension>
    </extension>
    <extension url="http://hl7.org/fhir/tools/StructureDefinition/ig-parameter">
      <extension url="code">
        <valueString value="generate"/>
      </extension>
      <extension url="value">
        <valueString value="json"/>
      </extension>
    </extension>
    <extension url="http://hl7.org/fhir/tools/StructureDefinition/ig-parameter">
      <extension url="code">
        <valueString value="autoload-resources"/>
      </extension>
      <extension url="value">
        <valueString value="true"/>
      </extension>
    </extension>
    <extension url="http://hl7.org/fhir/tools/StructureDefinition/ig-parameter">
      <extension url="code">
        <valueString value="path-liquid"/>
      </extension>
      <extension url="value">
        <valueString value="template/liquid"/>
      </extension>
    </extension>
    <extension url="http://hl7.org/fhir/tools/StructureDefinition/ig-parameter">
      <extension url="code">
        <valueString value="path-liquid"/>
      </extension>
      <extension url="value">
        <valueString value="input/liquid"/>
      </extension>
    </extension>
    <extension url="http://hl7.org/fhir/tools/StructureDefinition/ig-parameter">
      <extension url="code">
        <valueString value="path-qa"/>
      </extension>
      <extension url="value">
        <valueString value="temp/qa"/>
      </extension>
    </extension>
    <extension url="http://hl7.org/fhir/tools/StructureDefinition/ig-parameter">
      <extension url="code">
        <valueString value="path-temp"/>
      </extension>
      <extension url="value">
        <valueString value="temp/pages"/>
      </extension>
    </extension>
    <extension url="http://hl7.org/fhir/tools/StructureDefinition/ig-parameter">
      <extension url="code">
        <valueString value="path-output"/>
      </extension>
      <extension url="value">
        <valueString value="output"/>
      </extension>
    </extension>
    <extension url="http://hl7.org/fhir/tools/StructureDefinition/ig-parameter">
      <extension url="code">
        <valueString value="path-suppressed-warnings"/>
      </extension>
      <extension url="value">
        <valueString value="input/ignoreWarnings.txt"/>
      </extension>
    </extension>
    <extension url="http://hl7.org/fhir/tools/StructureDefinition/ig-parameter">
      <extension url="code">
        <valueString value="path-history"/>
      </extension>
      <extension url="value">
        <valueString value="http://jpfhir.jp/fhir/core/history.html"/>
      </extension>
    </extension>
    <extension url="http://hl7.org/fhir/tools/StructureDefinition/ig-parameter">
      <extension url="code">
        <valueString value="template-html"/>
      </extension>
      <extension url="value">
        <valueString value="template-page.html"/>
      </extension>
    </extension>
    <extension url="http://hl7.org/fhir/tools/StructureDefinition/ig-parameter">
      <extension url="code">
        <valueString value="template-md"/>
      </extension>
      <extension url="value">
        <valueString value="template-page-md.html"/>
      </extension>
    </extension>
    <extension url="http://hl7.org/fhir/tools/StructureDefinition/ig-parameter">
      <extension url="code">
        <valueString value="apply-context"/>
      </extension>
      <extension url="value">
        <valueString value="true"/>
      </extension>
    </extension>
    <extension url="http://hl7.org/fhir/tools/StructureDefinition/ig-parameter">
      <extension url="code">
        <valueString value="apply-license"/>
      </extension>
      <extension url="value">
        <valueString value="true"/>
      </extension>
    </extension>
    <extension url="http://hl7.org/fhir/tools/StructureDefinition/ig-parameter">
      <extension url="code">
        <valueString value="fmm-definition"/>
      </extension>
      <extension url="value">
        <valueString value="http://hl7.org/fhir/versions.html#maturity"/>
      </extension>
    </extension>
    <extension url="http://hl7.org/fhir/tools/StructureDefinition/ig-parameter">
      <extension url="code">
        <valueString value="propagate-status"/>
      </extension>
      <extension url="value">
        <valueString value="true"/>
      </extension>
    </extension>
    <resource>
      <extension url="http://hl7.org/fhir/tools/StructureDefinition/resource-information">
        <valueString value="StructureDefinition:resource"/>
      </extension>
      <reference>
        <reference value="StructureDefinition/JP-AllergyIntolerance"/>
      </reference>
      <name value="JP_AllergyIntolerance"/>
      <description value="本プロファイルはAllergyIntoleranceリソースに対して、患者のアレルギーや不耐症に関するデータを送受信するための基礎となる制約と拡張を定めたものである。"/>
      <exampleBoolean value="false"/>
    </resource>
    <resource>
      <extension url="http://hl7.org/fhir/tools/StructureDefinition/resource-information">
        <valueString value="StructureDefinition:resource"/>
      </extension>
      <reference>
        <reference value="StructureDefinition/JP-Condition"/>
      </reference>
      <name value="JP_Condition"/>
      <description value="本プロファイルはConditionリソースに対して、患者の健康状態に関するデータを送受信するための共通の制約と拡張を定めたものである。"/>
      <exampleBoolean value="false"/>
    </resource>
    <resource>
      <extension url="http://hl7.org/fhir/tools/StructureDefinition/resource-information">
        <valueString value="StructureDefinition:resource"/>
      </extension>
      <reference>
        <reference value="StructureDefinition/JP-Coverage"/>
      </reference>
      <name value="JP_Coverage"/>
      <description value="このプロファイルはCoverageリソースに対して、保険・公費のデータを送受信するための基礎となる制約と拡張を定めたものである。"/>
      <exampleBoolean value="false"/>
    </resource>
    <resource>
      <extension url="http://hl7.org/fhir/tools/StructureDefinition/resource-information">
        <valueString value="StructureDefinition:resource"/>
      </extension>
      <reference>
        <reference value="StructureDefinition/JP-DiagnosticReport-Common"/>
      </reference>
      <name value="JP_DiagnosticReport_Common"/>
      <description value="このプロファイルはDiagnosticReportリソースに対して、データを送受信するための共通の制約と拡張を定めたものである。"/>
      <exampleBoolean value="false"/>
    </resource>
    <resource>
      <extension url="http://hl7.org/fhir/tools/StructureDefinition/resource-information">
        <valueString value="StructureDefinition:resource"/>
      </extension>
      <reference>
        <reference value="StructureDefinition/JP-DiagnosticReport-LabResult"/>
      </reference>
      <name value="JP_DiagnosticReport_LabResult"/>
      <description value="このプロファイルはDiagnosticReportリソースに対して、検体検査結果のデータを送受信するための制約と拡張を定めたものである。"/>
      <exampleBoolean value="false"/>
    </resource>
    <resource>
      <extension url="http://hl7.org/fhir/tools/StructureDefinition/resource-information">
        <valueString value="StructureDefinition:resource"/>
      </extension>
      <reference>
        <reference value="StructureDefinition/JP-DiagnosticReport-Radiology"/>
      </reference>
      <name value="JP_DiagnosticReport_Radiology"/>
      <description value="このプロファイルはDiagnosticReportリソースに対して、放射線検査のデータを送受信するための制約と拡張を定めたものである。"/>
      <exampleBoolean value="false"/>
    </resource>
    <resource>
      <extension url="http://hl7.org/fhir/tools/StructureDefinition/resource-information">
        <valueString value="StructureDefinition:resource"/>
      </extension>
      <reference>
        <reference value="StructureDefinition/JP-Encounter"/>
      </reference>
      <name value="JP_Encounter"/>
      <description value="このプロファイルはEncounterリソースに対して、来院/入院情報のデータを送受信するための基礎となる制約と拡張を定めたものである。"/>
      <exampleBoolean value="false"/>
    </resource>
    <resource>
      <extension url="http://hl7.org/fhir/tools/StructureDefinition/resource-information">
        <valueString value="StructureDefinition:complex-type"/>
      </extension>
      <reference>
        <reference value="StructureDefinition/JP-HumanName"/>
      </reference>
      <name value="JP_HumanName"/>
      <description value="このプロファイルはHumanName DataTypeに対して、患者のデータを送受信するための基礎となる制約と拡張を定めたものである。"/>
      <exampleBoolean value="false"/>
    </resource>
    <resource>
      <extension url="http://hl7.org/fhir/tools/StructureDefinition/resource-information">
        <valueString value="StructureDefinition:resource"/>
      </extension>
      <reference>
        <reference value="StructureDefinition/JP-ImagingStudy-Radiology"/>
      </reference>
      <name value="JP_ImagingStudy_Radiology"/>
      <description value="このプロファイルはImagingStudyリソースに対して、放射線検査のデータを送受信するための制約と拡張を定めたものである。"/>
      <exampleBoolean value="false"/>
    </resource>
    <resource>
      <extension url="http://hl7.org/fhir/tools/StructureDefinition/resource-information">
        <valueString value="StructureDefinition:resource"/>
      </extension>
      <reference>
        <reference value="StructureDefinition/JP-Location"/>
      </reference>
      <name value="JP_Location"/>
      <description value="このプロファイルはLocationリソースに対して、所在場所のデータを送受信するための基礎となる制約と拡張を定めたものである。"/>
      <exampleBoolean value="false"/>
    </resource>
    <resource>
      <extension url="http://hl7.org/fhir/tools/StructureDefinition/resource-information">
        <valueString value="StructureDefinition:resource"/>
      </extension>
      <reference>
        <reference value="StructureDefinition/JP-Medication"/>
      </reference>
      <name value="JP_Medication"/>
      <description value="このプロファイルはMedicationリソースに対して、主に薬剤データを送受信するための基礎となる制約と拡張を定めたものである。"/>
      <exampleBoolean value="false"/>
    </resource>
    <resource>
      <extension url="http://hl7.org/fhir/tools/StructureDefinition/resource-information">
        <valueString value="StructureDefinition:resource"/>
      </extension>
      <reference>
        <reference value="StructureDefinition/JP-MedicationAdministration"/>
      </reference>
      <name value="JP_MedicationAdministration"/>
      <description value="このプロファイルはMedicationAdministrationリソースに対して、内服・外用薬剤処方投与実施情報のデータを送受信するための基礎となる制約と拡張を定めたものである。"/>
      <exampleBoolean value="false"/>
    </resource>
    <resource>
      <extension url="http://hl7.org/fhir/tools/StructureDefinition/resource-information">
        <valueString value="StructureDefinition:resource"/>
      </extension>
      <reference>
        <reference value="StructureDefinition/JP-MedicationAdministration-Injection"/>
      </reference>
      <name value="JP_MedicationAdministration_Injection"/>
      <description value="このプロファイルはMedicationAdministrationリソースに対して、注射薬剤処方投与実施情報のデータを送受信するための基礎となる制約と拡張を定めたものである。"/>
      <exampleBoolean value="false"/>
    </resource>
    <resource>
      <extension url="http://hl7.org/fhir/tools/StructureDefinition/resource-information">
        <valueString value="StructureDefinition:resource"/>
      </extension>
      <reference>
        <reference value="StructureDefinition/JP-MedicationDispense"/>
      </reference>
      <name value="JP_MedicationDispense"/>
      <description value="このプロファイルはMedicationDispenseリソースに対して、内服・外用薬剤処方調剤・払い出し記録のデータを送受信するための基礎となる制約と拡張を定めたものである。JP_MedicationDispenseBaseプロファイルからの派生プロファイルである。"/>
      <exampleBoolean value="false"/>
    </resource>
    <resource>
      <extension url="http://hl7.org/fhir/tools/StructureDefinition/resource-information">
        <valueString value="StructureDefinition:resource"/>
      </extension>
      <reference>
        <reference value="StructureDefinition/JP-MedicationDispenseBase"/>
      </reference>
      <name value="JP_MedicationDispenseBase"/>
      <description value="このプロファイルはユーザは直接適用するものではなく、JP_MedicationDispenseとJP_MedicationDispenseInjectionの共通の親となる抽象プロファイルである。このプロファイルはMedicationDispenseリソースに対して、内服・外用薬剤処方調剤・払い出し記録のデータを送受信するため、JP_MedicationDispenseとJP_MedicationDispenseInjectionの各プロファイルの基礎となる制約と拡張のうち共通部分を定めている。"/>
      <exampleBoolean value="false"/>
    </resource>
    <resource>
      <extension url="http://hl7.org/fhir/tools/StructureDefinition/resource-information">
        <valueString value="StructureDefinition:resource"/>
      </extension>
      <reference>
        <reference value="StructureDefinition/JP-MedicationDispense-Injection"/>
      </reference>
      <name value="JP_MedicationDispense_Injection"/>
      <description value="このプロファイルはMedicationDispenseリソースに対して、注射薬剤処方調剤・払い出し記録のデータを送受信するための基礎となる制約と拡張を定めたものである。JP_MedicationDispenseBaseプロファイルからの派生プロファイルである。"/>
      <exampleBoolean value="false"/>
    </resource>
    <resource>
      <extension url="http://hl7.org/fhir/tools/StructureDefinition/resource-information">
        <valueString value="StructureDefinition:resource"/>
      </extension>
      <reference>
        <reference value="StructureDefinition/JP-MedicationRequest"/>
      </reference>
      <name value="JP_MedicationRequest"/>
      <description value="このプロファイルはJP_MedicationRequestBaseリソースに対して、内服・外用薬剤処方のデータを送受信するための基礎となる制約と拡張を定めたものである。"/>
      <exampleBoolean value="false"/>
    </resource>
    <resource>
      <extension url="http://hl7.org/fhir/tools/StructureDefinition/resource-information">
        <valueString value="StructureDefinition:resource"/>
      </extension>
      <reference>
        <reference value="StructureDefinition/JP-MedicationRequestBase"/>
      </reference>
      <name value="JP_MedicationRequestBase"/>
      <description value="このプロファイルはユーザは直接適用するものではなく、JP_MedicationRequestとJP_MedicationRequestInjectionの共通の親となる抽象プロファイルである。MedicationRequestリソースに対して、内服・外用薬剤処方、注射・点滴などのデータを送受信するため、JP_MedicationRequestとJP_MedicationRequestInjectionの各プロファイルの基礎となる制約と拡張のうち共通部分を定めている。"/>
      <exampleBoolean value="false"/>
    </resource>
    <resource>
      <extension url="http://hl7.org/fhir/tools/StructureDefinition/resource-information">
        <valueString value="StructureDefinition:resource"/>
      </extension>
      <reference>
        <reference value="StructureDefinition/JP-MedicationRequest-Injection"/>
      </reference>
      <name value="JP_MedicationRequest_Injection"/>
      <description value="このプロファイルはJP_MedicationRequestBaseリソースに対して、注射薬剤処方のデータを送受信するための基礎となる制約と拡張を定めたものである。"/>
      <exampleBoolean value="false"/>
    </resource>
    <resource>
      <extension url="http://hl7.org/fhir/tools/StructureDefinition/resource-information">
        <valueString value="StructureDefinition:resource"/>
      </extension>
      <reference>
        <reference value="StructureDefinition/JP-Observation-BodyMeasurement"/>
      </reference>
      <name value="JP_Observation_BodyMeasurement"/>
      <description value="このプロファイルはObservationリソースに対して、身体計測のデータを送受信するための制約と拡張を定めたものである。"/>
      <exampleBoolean value="false"/>
    </resource>
    <resource>
      <extension url="http://hl7.org/fhir/tools/StructureDefinition/resource-information">
        <valueString value="StructureDefinition:resource"/>
      </extension>
      <reference>
        <reference value="StructureDefinition/JP-Observation-Common"/>
      </reference>
      <name value="JP_Observation_Common"/>
      <description value="このプロファイルはObservationリソースに対して、データを送受信するための共通の制約と拡張を定めたものである。"/>
      <exampleBoolean value="false"/>
    </resource>
    <resource>
      <extension url="http://hl7.org/fhir/tools/StructureDefinition/resource-information">
        <valueString value="StructureDefinition:resource"/>
      </extension>
      <reference>
        <reference value="StructureDefinition/JP-Observation-LabResult"/>
      </reference>
      <name value="JP_Observation_LabResult"/>
      <description value="このプロファイルはObservationリソースに対して、検体検査結果のデータを送受信するための制約と拡張を定めたものである。"/>
      <exampleBoolean value="false"/>
    </resource>
    <resource>
      <extension url="http://hl7.org/fhir/tools/StructureDefinition/resource-information">
        <valueString value="StructureDefinition:resource"/>
      </extension>
      <reference>
        <reference value="StructureDefinition/JP-Observation-PhysicalExam"/>
      </reference>
      <name value="JP_Observation_PhysicalExam"/>
      <description value="このプロファイルはObservationリソースに対して、身体所見のデータを送受信するための制約と拡張を定めたものである。"/>
      <exampleBoolean value="false"/>
    </resource>
    <resource>
      <extension url="http://hl7.org/fhir/tools/StructureDefinition/resource-information">
        <valueString value="StructureDefinition:resource"/>
      </extension>
      <reference>
        <reference value="StructureDefinition/JP-Observation-SocialHistory"/>
      </reference>
      <name value="JP_Observation_SocialHistory"/>
      <description value="このプロファイルはObservationリソースに対して、生活背景のデータを送受信するための制約と拡張を定めたものである。"/>
      <exampleBoolean value="false"/>
    </resource>
    <resource>
      <extension url="http://hl7.org/fhir/tools/StructureDefinition/resource-information">
        <valueString value="StructureDefinition:resource"/>
      </extension>
      <reference>
        <reference value="StructureDefinition/JP-Observation-VitalSigns"/>
      </reference>
      <name value="JP_Observation_VitalSigns"/>
      <description value="このプロファイルはObservationリソースに対して、バイタルサインのデータを送受信するための制約と拡張を定めたものである。"/>
      <exampleBoolean value="false"/>
    </resource>
    <resource>
      <extension url="http://hl7.org/fhir/tools/StructureDefinition/resource-information">
        <valueString value="StructureDefinition:resource"/>
      </extension>
      <reference>
        <reference value="StructureDefinition/JP-Organization"/>
      </reference>
      <name value="JP_Organization"/>
      <description value="このプロファイルはOrganizationリソースに対して、組織情報のデータを送受信するための基礎となる制約と拡張を定めたものである。"/>
      <exampleBoolean value="false"/>
    </resource>
    <resource>
      <extension url="http://hl7.org/fhir/tools/StructureDefinition/resource-information">
        <valueString value="StructureDefinition:resource"/>
      </extension>
      <reference>
        <reference value="StructureDefinition/JP-Patient"/>
      </reference>
      <name value="JP_Patient"/>
      <description value="このプロファイルはPatientリソースに対して、患者のデータを送受信するための基礎となる制約と拡張を定めたものである。"/>
      <exampleBoolean value="false"/>
    </resource>
    <resource>
      <extension url="http://hl7.org/fhir/tools/StructureDefinition/resource-information">
        <valueString value="StructureDefinition:resource"/>
      </extension>
      <reference>
        <reference value="StructureDefinition/JP-Practitioner"/>
      </reference>
      <name value="JP_Practitioner"/>
      <description value="このプロファイルはPractitionerリソースに対して、医療従事者のデータを送受信するための基礎となる制約と拡張を定めたものである。"/>
      <exampleBoolean value="false"/>
    </resource>
    <resource>
      <extension url="http://hl7.org/fhir/tools/StructureDefinition/resource-information">
        <valueString value="StructureDefinition:resource"/>
      </extension>
      <reference>
        <reference value="StructureDefinition/JP-PractitionerRole"/>
      </reference>
      <name value="JP_PractitionerRole"/>
      <description value="このプロファイルはPractitionerRoleリソースに対して、医療従事者役割のデータを送受信するための基礎となる制約と拡張を定めたものである。"/>
      <exampleBoolean value="false"/>
    </resource>
    <resource>
      <extension url="http://hl7.org/fhir/tools/StructureDefinition/resource-information">
        <valueString value="StructureDefinition:resource"/>
      </extension>
      <reference>
        <reference value="StructureDefinition/JP-Procedure"/>
      </reference>
      <name value="JP_Procedure"/>
      <description value="このプロファイルはProcedureリソースに対して、患者に対する医療的な処置のデータを送受信するための共通の制約と拡張を定めたものである。"/>
      <exampleBoolean value="false"/>
    </resource>
    <resource>
      <extension url="http://hl7.org/fhir/tools/StructureDefinition/resource-information">
        <valueString value="StructureDefinition:extension"/>
      </extension>
      <reference>
        <reference value="StructureDefinition/3dcc02c6-c298-4fb0-bdd2-e19a6728ba24"/>
      </reference>
      <name value="JP_Coverage_InsuredPersonNumber"/>
      <description value="健康保険における被保険者証番号を示す拡張"/>
      <exampleBoolean value="false"/>
    </resource>
    <resource>
      <extension url="http://hl7.org/fhir/tools/StructureDefinition/resource-information">
        <valueString value="StructureDefinition:extension"/>
      </extension>
      <reference>
        <reference value="StructureDefinition/972fb17c-7248-40c0-8508-94c00e1c10f2"/>
      </reference>
      <name value="JP_Coverage_InsuredPersonSubNumber"/>
      <description value="健康保険における被保険者証番号の枝番を示す拡張"/>
      <exampleBoolean value="false"/>
    </resource>
    <resource>
      <extension url="http://hl7.org/fhir/tools/StructureDefinition/resource-information">
        <valueString value="StructureDefinition:extension"/>
      </extension>
      <reference>
        <reference value="StructureDefinition/73958ac3-9a9d-4c07-8c35-3b277923492e"/>
      </reference>
      <name value="JP_Coverage_InsuredPersonSymbol"/>
      <description value="健康保険における被保険者証記号を示す拡張"/>
      <exampleBoolean value="false"/>
    </resource>
    <resource>
      <extension url="http://hl7.org/fhir/tools/StructureDefinition/resource-information">
        <valueString value="StructureDefinition:extension"/>
      </extension>
      <reference>
        <reference value="StructureDefinition/4327927e-6d72-442a-bd48-5d5b059bd8fe"/>
      </reference>
      <name value="JP_MedicationAdministration_DosageMethod_MethodComment"/>
      <description value="手技コメントを格納するための拡張"/>
      <exampleBoolean value="false"/>
    </resource>
    <resource>
      <extension url="http://hl7.org/fhir/tools/StructureDefinition/resource-information">
        <valueString value="StructureDefinition:extension"/>
      </extension>
      <reference>
        <reference value="StructureDefinition/5f45be03-73b5-425d-94fb-ff7dac12b87c"/>
      </reference>
      <name value="JP_MedicationAdministration_DosageRate_RateComment"/>
      <description value="投与速度コメントを格納するための拡張"/>
      <exampleBoolean value="false"/>
    </resource>
    <resource>
      <extension url="http://hl7.org/fhir/tools/StructureDefinition/resource-information">
        <valueString value="StructureDefinition:extension"/>
      </extension>
      <reference>
        <reference value="StructureDefinition/7d2bd9f9-3e77-423c-be7f-8602a284fe0a"/>
      </reference>
      <name value="JP_MedicationAdministration_DosageRoute_RouteComment"/>
      <description value="投与経路コメントを格納するための拡張"/>
      <exampleBoolean value="false"/>
    </resource>
    <resource>
      <extension url="http://hl7.org/fhir/tools/StructureDefinition/resource-information">
        <valueString value="StructureDefinition:extension"/>
      </extension>
      <reference>
        <reference value="StructureDefinition/cb26a2d4-7cfc-47c9-b3ef-0bc2cfb8aeb7"/>
      </reference>
      <name value="JP_MedicationAdministration_DosageSite_SiteComment"/>
      <description value="投与部位コメントを格納するための拡張"/>
      <exampleBoolean value="false"/>
    </resource>
    <resource>
      <extension url="http://hl7.org/fhir/tools/StructureDefinition/resource-information">
        <valueString value="StructureDefinition:extension"/>
      </extension>
      <reference>
        <reference value="StructureDefinition/b8b80771-bdbb-4ce3-b7d5-9b56f90ff304"/>
      </reference>
      <name value="JP_MedicationAdministration_Dosage_DosageComment"/>
      <description value="用法コメントを格納するための拡張"/>
      <exampleBoolean value="false"/>
    </resource>
    <resource>
      <extension url="http://hl7.org/fhir/tools/StructureDefinition/resource-information">
        <valueString value="StructureDefinition:extension"/>
      </extension>
      <reference>
        <reference value="StructureDefinition/7a1b4824-7464-47b1-ba4d-dad4dd006663"/>
      </reference>
      <name value="JP_MedicationAdministration_atDosage_LineComment"/>
      <description value="ラインコメントを格納する"/>
      <exampleBoolean value="false"/>
    </resource>
    <resource>
      <extension url="http://hl7.org/fhir/tools/StructureDefinition/resource-information">
        <valueString value="StructureDefinition:extension"/>
      </extension>
      <reference>
        <reference value="StructureDefinition/78061a6c-42e8-402d-8f76-6fdac69f7f90"/>
      </reference>
      <name value="JP_MedicationAdministration_Location"/>
      <description value="実施場所を格納するための拡張"/>
      <exampleBoolean value="false"/>
    </resource>
    <resource>
      <extension url="http://hl7.org/fhir/tools/StructureDefinition/resource-information">
        <valueString value="StructureDefinition:extension"/>
      </extension>
      <reference>
        <reference value="StructureDefinition/dd47eb40-6be1-479f-9902-e03defe748bf"/>
      </reference>
      <name value="JP_MedicationAdministration_RequestAuthoredOn"/>
      <description value="依頼日時を格納するための拡張"/>
      <exampleBoolean value="false"/>
    </resource>
    <resource>
      <extension url="http://hl7.org/fhir/tools/StructureDefinition/resource-information">
        <valueString value="StructureDefinition:extension"/>
      </extension>
      <reference>
        <reference value="StructureDefinition/dbe80def-ec8a-4a76-a3f7-17c75c6fd1a1"/>
      </reference>
      <name value="JP_MedicationAdministration_RequestDepartment"/>
      <description value="依頼科を格納するための拡張"/>
      <exampleBoolean value="false"/>
    </resource>
    <resource>
      <extension url="http://hl7.org/fhir/tools/StructureDefinition/resource-information">
        <valueString value="StructureDefinition:extension"/>
      </extension>
      <reference>
        <reference value="StructureDefinition/531d2d2b-2c3d-4f42-99f4-bebc6b26e674"/>
      </reference>
      <name value="JP_MedicationAdministration_Requester"/>
      <description value="依頼医を格納するための拡張"/>
      <exampleBoolean value="false"/>
    </resource>
    <resource>
      <extension url="http://hl7.org/fhir/tools/StructureDefinition/resource-information">
        <valueString value="StructureDefinition:extension"/>
      </extension>
      <reference>
        <reference value="StructureDefinition/JP-MedicationAdministration-UncategorizedComment"/>
      </reference>
      <name value="JP_MedicationAdministration_UncategorizedComment"/>
      <description value="未分類コメントを格納するための拡張"/>
      <exampleBoolean value="false"/>
    </resource>
    <resource>
      <extension url="http://hl7.org/fhir/tools/StructureDefinition/resource-information">
        <valueString value="StructureDefinition:extension"/>
      </extension>
      <reference>
        <reference value="StructureDefinition/41bcb8d5-3940-4baf-8b00-9b8fbaa8ae5d"/>
      </reference>
      <name value="JP_MedicationDispense_Preparation"/>
      <description value="薬剤単位の調剤結果"/>
      <exampleBoolean value="false"/>
    </resource>
    <resource>
      <extension url="http://hl7.org/fhir/tools/StructureDefinition/resource-information">
        <valueString value="StructureDefinition:extension"/>
      </extension>
      <reference>
        <reference value="StructureDefinition/996ef0bf-8b22-46e5-bc34-46c7bd6c6926"/>
      </reference>
      <name value="JP_MedicationRequest_DispenseRequest_ExpectedRepeatCount"/>
      <description value="頓用回数"/>
      <exampleBoolean value="false"/>
    </resource>
    <resource>
      <extension url="http://hl7.org/fhir/tools/StructureDefinition/resource-information">
        <valueString value="StructureDefinition:extension"/>
      </extension>
      <reference>
        <reference value="StructureDefinition/91cc41f3-a701-4cbe-b9bc-7d810bb7e9e5"/>
      </reference>
      <name value="JP_MedicationRequest_DispenseRequest_InstructionForDispense"/>
      <description value="調剤指示。薬剤単位の調剤指示を表現するための拡張"/>
      <exampleBoolean value="false"/>
    </resource>
    <resource>
      <extension url="http://hl7.org/fhir/tools/StructureDefinition/resource-information">
        <valueString value="StructureDefinition:extension"/>
      </extension>
      <reference>
        <reference value="StructureDefinition/6d3333b3-d0f9-4b48-bd78-abfcbaad19fe"/>
      </reference>
      <name value="JP_MedicationRequest_DosageInstruction_Device"/>
      <description value="投与装置を格納する拡張"/>
      <exampleBoolean value="false"/>
    </resource>
    <resource>
      <extension url="http://hl7.org/fhir/tools/StructureDefinition/resource-information">
        <valueString value="StructureDefinition:extension"/>
      </extension>
      <reference>
        <reference value="StructureDefinition/3c153c8f-bc10-4109-8552-0a8ad65498d9"/>
      </reference>
      <name value="JP_MedicationRequest_DosageInstruction_Line"/>
      <description value="指示ラインを格納するための拡張"/>
      <exampleBoolean value="false"/>
    </resource>
    <resource>
      <extension url="http://hl7.org/fhir/tools/StructureDefinition/resource-information">
        <valueString value="StructureDefinition:extension"/>
      </extension>
      <reference>
        <reference value="StructureDefinition/a6ce827d-1083-49c4-b538-201c18de518d"/>
      </reference>
      <name value="JP_MedicationRequest_DosageInstruction_PeriodOfUse"/>
      <description value="投与開始日を格納する拡張"/>
      <exampleBoolean value="false"/>
    </resource>
    <resource>
      <extension url="http://hl7.org/fhir/tools/StructureDefinition/resource-information">
        <valueString value="StructureDefinition:extension"/>
      </extension>
      <reference>
        <reference value="StructureDefinition/d2a74cc1-3928-4f1d-afe8-e7b49a2b4b04"/>
      </reference>
      <name value="JP_MedicationRequest_DosageInstruction_UsageDuration"/>
      <description value="隔⽇投与など、服⽤開始⽇から終了⽇までの⽇数と実投与⽇数が異なる場合に、実投与⽇数を明⽰したい場合に使⽤する拡張"/>
      <exampleBoolean value="false"/>
    </resource>
    <resource>
      <extension url="http://hl7.org/fhir/tools/StructureDefinition/resource-information">
        <valueString value="StructureDefinition:extension"/>
      </extension>
      <reference>
        <reference value="StructureDefinition/88c8b7c4-fbfa-4a42-814d-071dc8acb4eb"/>
      </reference>
      <name value="JP_Medication_IngredientStrength_StrengthType"/>
      <description value="投与量が製剤単位か成分単位かを格納する拡張"/>
      <exampleBoolean value="false"/>
    </resource>
    <resource>
      <extension url="http://hl7.org/fhir/tools/StructureDefinition/resource-information">
        <valueString value="StructureDefinition:extension"/>
      </extension>
      <reference>
        <reference value="StructureDefinition/4b53c2de-7595-40da-9c04-bb912b394f27"/>
      </reference>
      <name value="JP_Medication_Ingredient_DrugNo"/>
      <description value="投与量が製剤単位か成分単位かを格納する拡張"/>
      <exampleBoolean value="false"/>
    </resource>
    <resource>
      <extension url="http://hl7.org/fhir/tools/StructureDefinition/resource-information">
        <valueString value="StructureDefinition:extension"/>
      </extension>
      <reference>
        <reference value="StructureDefinition/JP-Observation-BodySite-BodySitePosition"/>
      </reference>
      <name value="JP_Observation_BodySite_BodySitePosition"/>
      <description value="部位（bodySite）の左右の区別を表現する際に使用する"/>
      <exampleBoolean value="false"/>
    </resource>
    <resource>
      <extension url="http://hl7.org/fhir/tools/StructureDefinition/resource-information">
        <valueString value="StructureDefinition:extension"/>
      </extension>
      <reference>
        <reference value="StructureDefinition/01530641-bc1b-4c76-a182-40fae3251e98"/>
      </reference>
      <name value="JP_Organization_InsuranceOrganizationCategory"/>
      <description value="点数表コード１桁（医科１、歯科３）表現するためのExtension。 JP Core Organizationプロファイルで利用されることを想定しているが、他のリソースでも利用可能である"/>
      <exampleBoolean value="false"/>
    </resource>
    <resource>
      <extension url="http://hl7.org/fhir/tools/StructureDefinition/resource-information">
        <valueString value="StructureDefinition:extension"/>
      </extension>
      <reference>
        <reference value="StructureDefinition/0951c1d5-7a75-488e-9e00-b2807dba71e5"/>
      </reference>
      <name value="JP_Organization_InsuranceOrganizationNo"/>
      <description value="保険医療機関番号７桁を表現するためのExtension。 JP Core Organizationプロファイルで利用されることを想定しているが、他のリソースでも利用可能である"/>
      <exampleBoolean value="false"/>
    </resource>
    <resource>
      <extension url="http://hl7.org/fhir/tools/StructureDefinition/resource-information">
        <valueString value="StructureDefinition:extension"/>
      </extension>
      <reference>
        <reference value="StructureDefinition/147dd0ac-e43c-45c7-b994-7494b7cb0848"/>
      </reference>
      <name value="JP_Organization_PrefectureNo"/>
      <description value="都道府県番号２桁を表現するためのExtension。&#xA;JP Core Organizationプロファイルで利用されることを想定しているが、他のリソースでも利用可能である"/>
      <exampleBoolean value="false"/>
    </resource>
    <resource>
      <extension url="http://hl7.org/fhir/tools/StructureDefinition/resource-information">
        <valueString value="StructureDefinition:extension"/>
      </extension>
      <reference>
        <reference value="StructureDefinition/b14aa99c-ab14-403f-8efd-4a9de985514d"/>
      </reference>
      <name value="JP_Patient_Race"/>
      <description value="人種(Race)に関する情報を格納するためのExtension。"/>
      <exampleBoolean value="false"/>
    </resource>
    <resource>
      <extension url="http://hl7.org/fhir/tools/StructureDefinition/resource-information">
        <valueString value="ValueSet"/>
      </extension>
      <reference>
        <reference value="ValueSet/jp-core-work-valueset-EventStatus"/>
      </reference>
      <name value="Procedureの状態"/>
      <exampleBoolean value="false"/>
    </resource>
    <resource>
      <extension url="http://hl7.org/fhir/tools/StructureDefinition/resource-information">
        <valueString value="ValueSet"/>
      </extension>
      <reference>
        <reference value="ValueSet/jp-core-work-valueset-ProcedureCodes"/>
      </reference>
      <name value="Procedureコード"/>
      <exampleBoolean value="false"/>
    </resource>
    <resource>
      <extension url="http://hl7.org/fhir/tools/StructureDefinition/resource-information">
        <valueString value="CodeSystem"/>
      </extension>
      <reference>
        <reference value="CodeSystem/jp-core-work-codesystem-EventStatus"/>
      </reference>
      <name value="Procedureの状態"/>
      <exampleBoolean value="false"/>
    </resource>
    <resource>
      <extension url="http://hl7.org/fhir/tools/StructureDefinition/resource-information">
        <valueString value="CodeSystem"/>
      </extension>
      <reference>
        <reference value="CodeSystem/jp-core-work-codesystem-observation-physicalExamCodes"/>
      </reference>
      <name value="ObservationPhysicalExamCodes"/>
      <exampleBoolean value="false"/>
    </resource>
    <resource>
      <extension url="http://hl7.org/fhir/tools/StructureDefinition/resource-information">
        <valueString value="CodeSystem"/>
      </extension>
      <reference>
        <reference value="CodeSystem/jp-core-work-codesystem-ProcedureCodes"/>
      </reference>
      <name value="Procedureコード"/>
      <exampleBoolean value="false"/>
    </resource>
    <resource>
      <extension url="http://hl7.org/fhir/tools/StructureDefinition/resource-information">
        <valueString value="SearchParameter"/>
      </extension>
      <reference>
        <reference value="SearchParameter/jp-allergyintolerance-category-sp"/>
      </reference>
      <name value="jp-allergyintolerance-category-sp"/>
      <description value="AllergyIntoleranceリソースのCategory(カテゴリ)に関する検索を定義します。"/>
      <exampleBoolean value="false"/>
    </resource>
    <resource>
      <extension url="http://hl7.org/fhir/tools/StructureDefinition/resource-information">
        <valueString value="SearchParameter"/>
      </extension>
      <reference>
        <reference value="SearchParameter/jp-allergyintolerance-clinicalstatus-sp"/>
      </reference>
      <name value="jp-allergyintolerance-clinicalstatus-sp"/>
      <description value="AllergyIntoleranceリソースのclinicalStatus(アレルギー・不耐性の臨床的なステータス)に関する検索を定義します。"/>
      <exampleBoolean value="false"/>
    </resource>
    <resource>
      <extension url="http://hl7.org/fhir/tools/StructureDefinition/resource-information">
        <valueString value="SearchParameter"/>
      </extension>
      <reference>
        <reference value="SearchParameter/jp-allergyintolerance-criticality-sp"/>
      </reference>
      <name value="jp-allergyintolerance-criticality-sp"/>
      <description value="AllergyIntoleranceリソースのcriticalityに関する検索を定義します。"/>
      <exampleBoolean value="false"/>
    </resource>
    <resource>
      <extension url="http://hl7.org/fhir/tools/StructureDefinition/resource-information">
        <valueString value="SearchParameter"/>
      </extension>
      <reference>
        <reference value="SearchParameter/jp-allergyintolerance-date-sp"/>
      </reference>
      <name value="jp-allergyintolerance-date-sp"/>
      <description value="AllergyIntoleranceリソースのrecordedDate(記載日付)に関する検索を定義します。"/>
      <exampleBoolean value="false"/>
    </resource>
    <resource>
      <extension url="http://hl7.org/fhir/tools/StructureDefinition/resource-information">
        <valueString value="SearchParameter"/>
      </extension>
      <reference>
        <reference value="SearchParameter/jp-allergyintolerance-patient-sp"/>
      </reference>
      <name value="jp-allergyintolerance-patient-sp"/>
      <description value="AllergyIntoleranceリソースのPatient(患者)に関する検索を定義します。"/>
      <exampleBoolean value="false"/>
    </resource>
    <resource>
      <extension url="http://hl7.org/fhir/tools/StructureDefinition/resource-information">
        <valueString value="SearchParameter"/>
      </extension>
      <reference>
        <reference value="SearchParameter/jp-allergyintolerance-type-sp"/>
      </reference>
      <name value="jp-allergyintolerance-type-sp"/>
      <description value="AllergyIntoleranceリソースのtypeに関する検索を定義します。"/>
      <exampleBoolean value="false"/>
    </resource>
    <resource>
      <extension url="http://hl7.org/fhir/tools/StructureDefinition/resource-information">
        <valueString value="SearchParameter"/>
      </extension>
      <reference>
        <reference value="SearchParameter/jp-allergyintolerance-verificationstatus-sp"/>
      </reference>
      <name value="jp-allergyintolerance-verificationstatus-sp"/>
      <description value="AllergyIntoleranceリソースのverificationStatusに関する検索を定義します。"/>
      <exampleBoolean value="false"/>
    </resource>
    <resource>
      <extension url="http://hl7.org/fhir/tools/StructureDefinition/resource-information">
        <valueString value="CapabilityStatement"/>
      </extension>
      <reference>
        <reference value="CapabilityStatement/jp-client-capabilitystatement"/>
      </reference>
      <name value="jp-client-capabilitystatement"/>
      <description value="JP Core Clientの期待される機能について説明する。JP Core Clientは、ローカルなユースケースやその他の文脈上の要件に基づいて、必要なデータにアクセスするために、このリストから選択することができます。"/>
      <exampleBoolean value="false"/>
    </resource>
    <resource>
      <extension url="http://hl7.org/fhir/tools/StructureDefinition/resource-information">
        <valueString value="SearchParameter"/>
      </extension>
      <reference>
        <reference value="SearchParameter/jp-condition-category-sp"/>
      </reference>
      <name value="jp-condition-category-sp"/>
      <description value="ConditionリソースのCategory(カテゴリ)に関する検索を定義します。"/>
      <exampleBoolean value="false"/>
    </resource>
    <resource>
      <extension url="http://hl7.org/fhir/tools/StructureDefinition/resource-information">
        <valueString value="SearchParameter"/>
      </extension>
      <reference>
        <reference value="SearchParameter/jp-condition-clinicalstatus-sp"/>
      </reference>
      <name value="jp-condition-clinicalstatus-sp"/>
      <description value="ConditionリソースのclinicalStatus(アレルギー・不耐性の臨床的なステータス)に関する検索を定義します。"/>
      <exampleBoolean value="false"/>
    </resource>
    <resource>
      <extension url="http://hl7.org/fhir/tools/StructureDefinition/resource-information">
        <valueString value="SearchParameter"/>
      </extension>
      <reference>
        <reference value="SearchParameter/jp-condition-date-sp"/>
      </reference>
      <name value="jp-condition-date-sp"/>
      <description value="ConditionリソースのrecordedDate(記載日付)に関する検索を定義します。"/>
      <exampleBoolean value="false"/>
    </resource>
    <resource>
      <extension url="http://hl7.org/fhir/tools/StructureDefinition/resource-information">
        <valueString value="SearchParameter"/>
      </extension>
      <reference>
        <reference value="SearchParameter/jp-condition-patient-sp"/>
      </reference>
      <name value="jp-condition-patient-sp"/>
      <description value="ConditionリソースのPatient(患者)に関する検索を定義します。"/>
      <exampleBoolean value="false"/>
    </resource>
    <resource>
      <extension url="http://hl7.org/fhir/tools/StructureDefinition/resource-information">
        <valueString value="SearchParameter"/>
      </extension>
      <reference>
        <reference value="SearchParameter/jp-condition-verificationstatus-sp"/>
      </reference>
      <name value="jp-condition-verificationstatus-sp"/>
      <description value="ConditionリソースのverificationStatusに関する検索を定義します。"/>
      <exampleBoolean value="false"/>
    </resource>
    <resource>
      <extension url="http://hl7.org/fhir/tools/StructureDefinition/resource-information">
        <valueString value="SearchParameter"/>
      </extension>
      <reference>
        <reference value="SearchParameter/jp-coverage-beneficiary-sp"/>
      </reference>
      <name value="jp-coverage-beneficiary-sp"/>
      <description value="Coverageリソースのbeneficiaryに関する検索を定義します。"/>
      <exampleBoolean value="false"/>
    </resource>
    <resource>
      <extension url="http://hl7.org/fhir/tools/StructureDefinition/resource-information">
        <valueString value="SearchParameter"/>
      </extension>
      <reference>
        <reference value="SearchParameter/jp-coverage-identifier-sp"/>
      </reference>
      <name value="jp-coverage-identifier-sp"/>
      <description value="Coverageリソースのidentifierに関する検索を定義します。"/>
      <exampleBoolean value="false"/>
    </resource>
    <resource>
      <extension url="http://hl7.org/fhir/tools/StructureDefinition/resource-information">
        <valueString value="SearchParameter"/>
      </extension>
      <reference>
        <reference value="SearchParameter/jp-diagnosticreport-category-sp"/>
      </reference>
      <name value="jp-diagnosticreport-category-sp"/>
      <description value="DiagnosticReportリソースのCategory(カテゴリ)に関する検索を定義します。"/>
      <exampleBoolean value="false"/>
    </resource>
    <resource>
      <extension url="http://hl7.org/fhir/tools/StructureDefinition/resource-information">
        <valueString value="SearchParameter"/>
      </extension>
      <reference>
        <reference value="SearchParameter/jp-diagnosticreport-code-sp"/>
      </reference>
      <name value="jp-diagnosticreport-code-sp"/>
      <description value="DiagnosticReportリソースのCode(レポート文書コード)に関する検索を定義します。"/>
      <exampleBoolean value="false"/>
    </resource>
    <resource>
      <extension url="http://hl7.org/fhir/tools/StructureDefinition/resource-information">
        <valueString value="SearchParameter"/>
      </extension>
      <reference>
        <reference value="SearchParameter/jp-diagnosticreport-date-sp"/>
      </reference>
      <name value="jp-diagnosticreport-date-sp"/>
      <description value="DiagnosticReportリソースのDate(報告書の臨床的意義のある日時)に関する検索を定義します。"/>
      <exampleBoolean value="false"/>
    </resource>
    <resource>
      <extension url="http://hl7.org/fhir/tools/StructureDefinition/resource-information">
        <valueString value="SearchParameter"/>
      </extension>
      <reference>
        <reference value="SearchParameter/jp-diagnosticreport-patient-sp"/>
      </reference>
      <name value="jp-diagnosticreport-patient-sp"/>
      <description value="DiagnosticReportリソースのPatient(患者)に関する検索を定義します。"/>
      <exampleBoolean value="false"/>
    </resource>
    <resource>
      <extension url="http://hl7.org/fhir/tools/StructureDefinition/resource-information">
        <valueString value="SearchParameter"/>
      </extension>
      <reference>
        <reference value="SearchParameter/jp-diagnosticreport-servicerequest-sp"/>
      </reference>
      <name value="jp-diagnosticreport-servicerequest-sp"/>
      <description value="DiagnosticReportリソースのservicerequest(検査依頼診療科)に関する検索を定義します。"/>
      <exampleBoolean value="false"/>
    </resource>
    <resource>
      <extension url="http://hl7.org/fhir/tools/StructureDefinition/resource-information">
        <valueString value="SearchParameter"/>
      </extension>
      <reference>
        <reference value="SearchParameter/jp-encounter-class-sp"/>
      </reference>
      <name value="jp-encounter-class-sp"/>
      <description value="Encounterリソースのclassに関する検索を定義します。"/>
      <exampleBoolean value="false"/>
    </resource>
    <resource>
      <extension url="http://hl7.org/fhir/tools/StructureDefinition/resource-information">
        <valueString value="SearchParameter"/>
      </extension>
      <reference>
        <reference value="SearchParameter/jp-encounter-date-sp"/>
      </reference>
      <name value="jp-encounter-date-sp"/>
      <description value="Encounterリソースのdateに関する検索を定義します。"/>
      <exampleBoolean value="false"/>
    </resource>
    <resource>
      <extension url="http://hl7.org/fhir/tools/StructureDefinition/resource-information">
        <valueString value="SearchParameter"/>
      </extension>
      <reference>
        <reference value="SearchParameter/jp-encounter-identifier-sp"/>
      </reference>
      <name value="jp-encounter-identifier-sp"/>
      <description value="Encounterリソースのidentifierに関する検索を定義します。"/>
      <exampleBoolean value="false"/>
    </resource>
    <resource>
      <extension url="http://hl7.org/fhir/tools/StructureDefinition/resource-information">
        <valueString value="SearchParameter"/>
      </extension>
      <reference>
        <reference value="SearchParameter/jp-encounter-patient-sp"/>
      </reference>
      <name value="jp-encounter-patient-sp"/>
      <description value="Encouterリソースのpatientに関する検索を定義します。"/>
      <exampleBoolean value="false"/>
    </resource>
    <resource>
      <extension url="http://hl7.org/fhir/tools/StructureDefinition/resource-information">
        <valueString value="SearchParameter"/>
      </extension>
      <reference>
        <reference value="SearchParameter/jp-encounter-status-sp"/>
      </reference>
      <name value="jp-encounter-status-sp"/>
      <description value="Encouterリソースのstatusに関する検索を定義します。"/>
      <exampleBoolean value="false"/>
    </resource>
    <resource>
      <extension url="http://hl7.org/fhir/tools/StructureDefinition/resource-information">
        <valueString value="SearchParameter"/>
      </extension>
      <reference>
        <reference value="SearchParameter/jp-encounter-type-sp"/>
      </reference>
      <name value="jp-encounter-type-sp"/>
      <description value="Encounterリソースのtypeに関する検索を定義します。"/>
      <exampleBoolean value="false"/>
    </resource>
    <resource>
      <extension url="http://hl7.org/fhir/tools/StructureDefinition/resource-information">
        <valueString value="SearchParameter"/>
      </extension>
      <reference>
        <reference value="SearchParameter/jp-imagingstudy-bodysite-sp"/>
      </reference>
      <name value="jp-imagingstudy-bodysite-sp"/>
      <description value="ImagingStudyリソースのBodySite(部位)に関する検索を定義します。"/>
      <exampleBoolean value="false"/>
    </resource>
    <resource>
      <extension url="http://hl7.org/fhir/tools/StructureDefinition/resource-information">
        <valueString value="SearchParameter"/>
      </extension>
      <reference>
        <reference value="SearchParameter/jp-imagingstudy-encounter-sp"/>
      </reference>
      <name value="jp-imagingstudy-encounter-sp"/>
      <description value="ImagingStudyリソースのEncounter(来院・入院)に関する検索を定義します。"/>
      <exampleBoolean value="false"/>
    </resource>
    <resource>
      <extension url="http://hl7.org/fhir/tools/StructureDefinition/resource-information">
        <valueString value="SearchParameter"/>
      </extension>
      <reference>
        <reference value="SearchParameter/jp-imagingstudy-modality-sp"/>
      </reference>
      <name value="jp-imagingstudy-modality-sp"/>
      <description value="ImagingStudyリソースのmodality(カテゴリ)に関する検索を定義します。"/>
      <exampleBoolean value="false"/>
    </resource>
    <resource>
      <extension url="http://hl7.org/fhir/tools/StructureDefinition/resource-information">
        <valueString value="SearchParameter"/>
      </extension>
      <reference>
        <reference value="SearchParameter/jp-imagingstudy-patient-sp"/>
      </reference>
      <name value="jp-imagingstudy-patient-sp"/>
      <description value="ImagingStudyリソースのPatient(患者)に関する検索を定義します。"/>
      <exampleBoolean value="false"/>
    </resource>
    <resource>
      <extension url="http://hl7.org/fhir/tools/StructureDefinition/resource-information">
        <valueString value="SearchParameter"/>
      </extension>
      <reference>
        <reference value="SearchParameter/jp-imagingstudy-started-sp"/>
      </reference>
      <name value="jp-imagingstudy-started-sp"/>
      <description value="ImagingStudyリソースのstarted(検査開始日時)に関する検索を定義します。"/>
      <exampleBoolean value="false"/>
    </resource>
    <resource>
      <extension url="http://hl7.org/fhir/tools/StructureDefinition/resource-information">
        <valueString value="SearchParameter"/>
      </extension>
      <reference>
        <reference value="SearchParameter/jp-location-address-city-sp"/>
      </reference>
      <name value="jp-location-address-city-sp"/>
      <description value="Locationリソースのaddress-cityに関する検索を定義します。"/>
      <exampleBoolean value="false"/>
    </resource>
    <resource>
      <extension url="http://hl7.org/fhir/tools/StructureDefinition/resource-information">
        <valueString value="SearchParameter"/>
      </extension>
      <reference>
        <reference value="SearchParameter/jp-location-address-postalcode-sp"/>
      </reference>
      <name value="jp-location-address-postalcode-sp"/>
      <description value="Locationリソースのaddress-postalcodeに関する検索を定義します。"/>
      <exampleBoolean value="false"/>
    </resource>
    <resource>
      <extension url="http://hl7.org/fhir/tools/StructureDefinition/resource-information">
        <valueString value="SearchParameter"/>
      </extension>
      <reference>
        <reference value="SearchParameter/jp-location-address-sp"/>
      </reference>
      <name value="jp-location-address-sp"/>
      <description value="Locationリソースのaddressに関する検索を定義します。"/>
      <exampleBoolean value="false"/>
    </resource>
    <resource>
      <extension url="http://hl7.org/fhir/tools/StructureDefinition/resource-information">
        <valueString value="SearchParameter"/>
      </extension>
      <reference>
        <reference value="SearchParameter/jp-location-address-state-sp"/>
      </reference>
      <name value="jp-location-address-state-sp"/>
      <description value="Locationリソースのaddress-stateに関する検索を定義します。"/>
      <exampleBoolean value="false"/>
    </resource>
    <resource>
      <extension url="http://hl7.org/fhir/tools/StructureDefinition/resource-information">
        <valueString value="SearchParameter"/>
      </extension>
      <reference>
        <reference value="SearchParameter/jp-location-name-sp"/>
      </reference>
      <name value="jp-location-name-sp"/>
      <description value="Locationリソースのname(名称)に関する検索を定義します。"/>
      <exampleBoolean value="false"/>
    </resource>
    <resource>
      <extension url="http://hl7.org/fhir/tools/StructureDefinition/resource-information">
        <valueString value="SearchParameter"/>
      </extension>
      <reference>
        <reference value="SearchParameter/jp-medicationadministration-code-sp"/>
      </reference>
      <name value="jp-medicationadministration-code-sp"/>
      <description value="MedicationAdministrationリソースのCode(薬品コード)に関する検索を定義します。"/>
      <exampleBoolean value="false"/>
    </resource>
    <resource>
      <extension url="http://hl7.org/fhir/tools/StructureDefinition/resource-information">
        <valueString value="SearchParameter"/>
      </extension>
      <reference>
        <reference value="SearchParameter/jp-medicationadministration-effectivedatetime-sp"/>
      </reference>
      <name value="jp-medicationadministration-effectivedatetime-sp"/>
      <description value="MedicationAdministrationのEffectiveDatetime(投与実施日時)に関する検索を定義します。"/>
      <exampleBoolean value="false"/>
    </resource>
    <resource>
      <extension url="http://hl7.org/fhir/tools/StructureDefinition/resource-information">
        <valueString value="SearchParameter"/>
      </extension>
      <reference>
        <reference value="SearchParameter/jp-medicationadministration-identifier-sp"/>
      </reference>
      <name value="jp-medicationadministration-identifier-sp"/>
      <description value="MedicationAdministrationリソースのIdentifierに関する検索を定義します。"/>
      <exampleBoolean value="false"/>
    </resource>
    <resource>
      <extension url="http://hl7.org/fhir/tools/StructureDefinition/resource-information">
        <valueString value="SearchParameter"/>
      </extension>
      <reference>
        <reference value="SearchParameter/jp-medicationadministration-patient-sp"/>
      </reference>
      <name value="jp-medicationadministration-patient-sp"/>
      <description value="MedicationAdministrationリソースのpatient(患者)に関する検索を定義します。"/>
      <exampleBoolean value="false"/>
    </resource>
    <resource>
      <extension url="http://hl7.org/fhir/tools/StructureDefinition/resource-information">
        <valueString value="SearchParameter"/>
      </extension>
      <reference>
        <reference value="SearchParameter/jp-medicationdispense-code-sp"/>
      </reference>
      <name value="jp-medicationdispense-code-sp"/>
      <description value="MedicationDispenseリソースのCode(薬品コード)に関する検索を定義します。"/>
      <exampleBoolean value="false"/>
    </resource>
    <resource>
      <extension url="http://hl7.org/fhir/tools/StructureDefinition/resource-information">
        <valueString value="SearchParameter"/>
      </extension>
      <reference>
        <reference value="SearchParameter/jp-medicationdispense-encounter-sp"/>
      </reference>
      <name value="jp-medicationdispense-encounter-sp"/>
      <description value="MedicationDispenseリソースのEncounter(来院・入院)に関する検索を定義します。"/>
      <exampleBoolean value="false"/>
    </resource>
    <resource>
      <extension url="http://hl7.org/fhir/tools/StructureDefinition/resource-information">
        <valueString value="SearchParameter"/>
      </extension>
      <reference>
        <reference value="SearchParameter/jp-medicationdispense-identifier-sp"/>
      </reference>
      <name value="jp-medicationdispense-identifier-sp"/>
      <description value="MedicationDispenseリソースのidentifierに関する検索を定義します。"/>
      <exampleBoolean value="false"/>
    </resource>
    <resource>
      <extension url="http://hl7.org/fhir/tools/StructureDefinition/resource-information">
        <valueString value="SearchParameter"/>
      </extension>
      <reference>
        <reference value="SearchParameter/jp-medicationdispense-patient-sp"/>
      </reference>
      <name value="jp-medicationdispense-patient-sp"/>
      <description value="MedicationDispenseリソースのpatient(患者)に関する検索を定義します。"/>
      <exampleBoolean value="false"/>
    </resource>
    <resource>
      <extension url="http://hl7.org/fhir/tools/StructureDefinition/resource-information">
        <valueString value="SearchParameter"/>
      </extension>
      <reference>
        <reference value="SearchParameter/jp-medicationdispense-performer-sp"/>
      </reference>
      <name value="jp-medicationdispense-performer-sp"/>
      <description value="MedicationDispenseリソースのperformerに関する検索を定義します。"/>
      <exampleBoolean value="false"/>
    </resource>
    <resource>
      <extension url="http://hl7.org/fhir/tools/StructureDefinition/resource-information">
        <valueString value="SearchParameter"/>
      </extension>
      <reference>
        <reference value="SearchParameter/jp-medicationdispense-whenhandedover-sp"/>
      </reference>
      <name value="jp-medicationdispense-whenhandedover-sp"/>
      <description value="MedicationDispenseリソースのWhenHandedOver(払い出し日時)に関する検索を定義します。"/>
      <exampleBoolean value="false"/>
    </resource>
    <resource>
      <extension url="http://hl7.org/fhir/tools/StructureDefinition/resource-information">
        <valueString value="SearchParameter"/>
      </extension>
      <reference>
        <reference value="SearchParameter/jp-medicationdispense-whenprepared-sp"/>
      </reference>
      <name value="jp-medicationdispense-whenprepared-sp"/>
      <description value="MedicationDispenseリソースのWhenPrepared(準備管理用日時)に関する検索を定義します。"/>
      <exampleBoolean value="false"/>
    </resource>
    <resource>
      <extension url="http://hl7.org/fhir/tools/StructureDefinition/resource-information">
        <valueString value="SearchParameter"/>
      </extension>
      <reference>
        <reference value="SearchParameter/jp-medicationrequest-authoredon-sp"/>
      </reference>
      <name value="jp-medicationrequest-authoredon-sp"/>
      <description value="MedicationRequestリソースのAuthoredOn(処方指示日時)に関する検索を定義します。"/>
      <exampleBoolean value="false"/>
    </resource>
    <resource>
      <extension url="http://hl7.org/fhir/tools/StructureDefinition/resource-information">
        <valueString value="SearchParameter"/>
      </extension>
      <reference>
        <reference value="SearchParameter/jp-medicationrequest-category-sp"/>
      </reference>
      <name value="jp-medicationrequest-category-sp"/>
      <description value="MedicationRequestリソースのCategoryに関する検索を定義します。"/>
      <exampleBoolean value="false"/>
    </resource>
    <resource>
      <extension url="http://hl7.org/fhir/tools/StructureDefinition/resource-information">
        <valueString value="SearchParameter"/>
      </extension>
      <reference>
        <reference value="SearchParameter/jp-medicationrequest-code-sp"/>
      </reference>
      <name value="jp-medicationrequest-code-sp"/>
      <description value="MedicationRequestリソースのCode(薬品コード)に関する検索を定義します。"/>
      <exampleBoolean value="false"/>
    </resource>
    <resource>
      <extension url="http://hl7.org/fhir/tools/StructureDefinition/resource-information">
        <valueString value="SearchParameter"/>
      </extension>
      <reference>
        <reference value="SearchParameter/jp-medicationrequest-date-sp"/>
      </reference>
      <name value="jp-medicationrequest-date-sp"/>
      <description value="MedicationRequestリソースのDate(服用開始日)に関する検索を定義します。"/>
      <exampleBoolean value="false"/>
    </resource>
    <resource>
      <extension url="http://hl7.org/fhir/tools/StructureDefinition/resource-information">
        <valueString value="SearchParameter"/>
      </extension>
      <reference>
        <reference value="SearchParameter/jp-medicationrequest-identifier-sp"/>
      </reference>
      <name value="jp-medicationrequest-identifier-sp"/>
      <description value="MedicationRequestリソースのidentifierに関する検索を定義します。"/>
      <exampleBoolean value="false"/>
    </resource>
    <resource>
      <extension url="http://hl7.org/fhir/tools/StructureDefinition/resource-information">
        <valueString value="SearchParameter"/>
      </extension>
      <reference>
        <reference value="SearchParameter/jp-medicationrequest-patient-sp"/>
      </reference>
      <name value="jp-medicationrequest-patient-sp"/>
      <description value="MedicationRequestリソースのpatient(患者)に関する検索を定義します。"/>
      <exampleBoolean value="false"/>
    </resource>
    <resource>
      <extension url="http://hl7.org/fhir/tools/StructureDefinition/resource-information">
        <valueString value="SearchParameter"/>
      </extension>
      <reference>
        <reference value="SearchParameter/jp-medicationrequest-requester-sp"/>
      </reference>
      <name value="jp-medicationrequest-requester-sp"/>
      <description value="MedicationRequestリソースのrequesterに関する検索を定義します。"/>
      <exampleBoolean value="false"/>
    </resource>
    <resource>
      <extension url="http://hl7.org/fhir/tools/StructureDefinition/resource-information">
        <valueString value="SearchParameter"/>
      </extension>
      <reference>
        <reference value="SearchParameter/jp-observation-category-sp"/>
      </reference>
      <name value="jp-observation-category-sp"/>
      <description value="ObservationリソースのCategory(カテゴリ)に関する検索を定義します。"/>
      <exampleBoolean value="false"/>
    </resource>
    <resource>
      <extension url="http://hl7.org/fhir/tools/StructureDefinition/resource-information">
        <valueString value="SearchParameter"/>
      </extension>
      <reference>
        <reference value="SearchParameter/jp-observation-code-sp"/>
      </reference>
      <name value="jp-observation-code-sp"/>
      <description value="ObservationリソースのCode(検査項目コード)に関する検索を定義します。"/>
      <exampleBoolean value="false"/>
    </resource>
    <resource>
      <extension url="http://hl7.org/fhir/tools/StructureDefinition/resource-information">
        <valueString value="SearchParameter"/>
      </extension>
      <reference>
        <reference value="SearchParameter/jp-observation-date-sp"/>
      </reference>
      <name value="jp-observation-date-sp"/>
      <description value="Observationリソースの日付(検査（採取）日)に関する検索を定義します。"/>
      <exampleBoolean value="false"/>
    </resource>
    <resource>
      <extension url="http://hl7.org/fhir/tools/StructureDefinition/resource-information">
        <valueString value="SearchParameter"/>
      </extension>
      <reference>
        <reference value="SearchParameter/jp-observation-encounter-sp"/>
      </reference>
      <name value="jp-observation-encounter-sp"/>
      <description value="ObservationリソースのEncounter(来院・入院)に関する検索を定義します。"/>
      <exampleBoolean value="false"/>
    </resource>
    <resource>
      <extension url="http://hl7.org/fhir/tools/StructureDefinition/resource-information">
        <valueString value="SearchParameter"/>
      </extension>
      <reference>
        <reference value="SearchParameter/jp-observation-patient-sp"/>
      </reference>
      <name value="jp-observation-patient-sp"/>
      <description value="ObservationリソースのPatient(患者)に関する検索を定義します。"/>
      <exampleBoolean value="false"/>
    </resource>
    <resource>
      <extension url="http://hl7.org/fhir/tools/StructureDefinition/resource-information">
        <valueString value="SearchParameter"/>
      </extension>
      <reference>
        <reference value="SearchParameter/jp-observation-servicerequest-sp"/>
      </reference>
      <name value="jp-observation-servicerequest-sp"/>
      <description value="Observationリソースのservicerequest(検査依頼診療科)に関する検索を定義します。"/>
      <exampleBoolean value="false"/>
    </resource>
    <resource>
      <extension url="http://hl7.org/fhir/tools/StructureDefinition/resource-information">
        <valueString value="SearchParameter"/>
      </extension>
      <reference>
        <reference value="SearchParameter/jp-observation-value-concept-sp"/>
      </reference>
      <name value="jp-observation-value-concept-sp"/>
      <description value="Observationリソースのvalue-concept(検査項目コード)に関する検索を定義します。"/>
      <exampleBoolean value="false"/>
    </resource>
    <resource>
      <extension url="http://hl7.org/fhir/tools/StructureDefinition/resource-information">
        <valueString value="SearchParameter"/>
      </extension>
      <reference>
        <reference value="SearchParameter/jp-observation-value-quantity-sp"/>
      </reference>
      <name value="jp-observation-value-quantity-sp"/>
      <description value="Observationリソースの日付(検査（採取）日)に関する検索を定義します。"/>
      <exampleBoolean value="false"/>
    </resource>
    <resource>
      <extension url="http://hl7.org/fhir/tools/StructureDefinition/resource-information">
        <valueString value="SearchParameter"/>
      </extension>
      <reference>
        <reference value="SearchParameter/jp-organization-address-sp"/>
      </reference>
      <name value="jp-organization-address-sp"/>
      <description value="organizationリソースのaddressに関する検索を定義します。"/>
      <exampleBoolean value="false"/>
    </resource>
    <resource>
      <extension url="http://hl7.org/fhir/tools/StructureDefinition/resource-information">
        <valueString value="SearchParameter"/>
      </extension>
      <reference>
        <reference value="SearchParameter/jp-organization-identifier-sp"/>
      </reference>
      <name value="jp-organization-identifier-sp"/>
      <description value="Organizationリソースのidentifierに関する検索を定義します。"/>
      <exampleBoolean value="false"/>
    </resource>
    <resource>
      <extension url="http://hl7.org/fhir/tools/StructureDefinition/resource-information">
        <valueString value="SearchParameter"/>
      </extension>
      <reference>
        <reference value="SearchParameter/jp-organization-name-sp"/>
      </reference>
      <name value="jp-organization-name-sp"/>
      <description value="organizationリソースのnameに関する検索を定義します。"/>
      <exampleBoolean value="false"/>
    </resource>
    <resource>
      <extension url="http://hl7.org/fhir/tools/StructureDefinition/resource-information">
        <valueString value="SearchParameter"/>
      </extension>
      <reference>
        <reference value="SearchParameter/jp-patient-address-postalcode-sp"/>
      </reference>
      <name value="jp-patient-address-postalcode-sp"/>
      <description value="Patientリソースのaddress-postal(郵便番号)に関する検索を定義します。"/>
      <exampleBoolean value="false"/>
    </resource>
    <resource>
      <extension url="http://hl7.org/fhir/tools/StructureDefinition/resource-information">
        <valueString value="SearchParameter"/>
      </extension>
      <reference>
        <reference value="SearchParameter/jp-patient-birthdate-sp"/>
      </reference>
      <name value="jp-patient-birthdate-sp"/>
      <description value="Patientリソースのbirthdate(生年月日)に関する検索を定義します。"/>
      <exampleBoolean value="false"/>
    </resource>
    <resource>
      <extension url="http://hl7.org/fhir/tools/StructureDefinition/resource-information">
        <valueString value="SearchParameter"/>
      </extension>
      <reference>
        <reference value="SearchParameter/jp-patient-family-sp"/>
      </reference>
      <name value="jp-patient-family-sp"/>
      <description value="Patientリソースのfamily(姓)に関する検索を定義します。"/>
      <exampleBoolean value="false"/>
    </resource>
    <resource>
      <extension url="http://hl7.org/fhir/tools/StructureDefinition/resource-information">
        <valueString value="SearchParameter"/>
      </extension>
      <reference>
        <reference value="SearchParameter/jp-patient-gender-sp"/>
      </reference>
      <name value="jp-patient-gender-sp"/>
      <description value="Patientリソースのgender(性別)に関する検索を定義します。"/>
      <exampleBoolean value="false"/>
    </resource>
    <resource>
      <extension url="http://hl7.org/fhir/tools/StructureDefinition/resource-information">
        <valueString value="SearchParameter"/>
      </extension>
      <reference>
        <reference value="SearchParameter/jp-patient-given-sp"/>
      </reference>
      <name value="jp-patient-given-sp"/>
      <description value="Patientリソースにのgiven(名)に関する検索を定義します。"/>
      <exampleBoolean value="false"/>
    </resource>
    <resource>
      <extension url="http://hl7.org/fhir/tools/StructureDefinition/resource-information">
        <valueString value="SearchParameter"/>
      </extension>
      <reference>
        <reference value="SearchParameter/jp-patient-id-sp"/>
      </reference>
      <name value="jp-patient-id-sp"/>
      <description value="Patientリソースのidに関する検索を定義します。"/>
      <exampleBoolean value="false"/>
    </resource>
    <resource>
      <extension url="http://hl7.org/fhir/tools/StructureDefinition/resource-information">
        <valueString value="SearchParameter"/>
      </extension>
      <reference>
        <reference value="SearchParameter/jp-patient-identifier-sp"/>
      </reference>
      <name value="jp-patient-identifier-sp"/>
      <description value="Patientリソースのidentifierに関する検索を定義します。"/>
      <exampleBoolean value="false"/>
    </resource>
    <resource>
      <extension url="http://hl7.org/fhir/tools/StructureDefinition/resource-information">
        <valueString value="SearchParameter"/>
      </extension>
      <reference>
        <reference value="SearchParameter/jp-patient-name-sp"/>
      </reference>
      <name value="jp-patient-name-sp"/>
      <description value="Patientリソースのname(名前全体)に関する検索を定義します。"/>
      <exampleBoolean value="false"/>
    </resource>
    <resource>
      <extension url="http://hl7.org/fhir/tools/StructureDefinition/resource-information">
        <valueString value="SearchParameter"/>
      </extension>
      <reference>
        <reference value="SearchParameter/jp-patient-phone-sp"/>
      </reference>
      <name value="jp-patient-phone-sp"/>
      <description value="Patientリソースのphone(電話番号)に関する検索を定義します。"/>
      <exampleBoolean value="false"/>
    </resource>
    <resource>
      <extension url="http://hl7.org/fhir/tools/StructureDefinition/resource-information">
        <valueString value="SearchParameter"/>
      </extension>
      <reference>
        <reference value="SearchParameter/jp-practitioner-identifier-sp"/>
      </reference>
      <name value="jp-practitioner-identifier-sp"/>
      <description value="practitionerリソースのidentifierに関する検索を定義します。"/>
      <exampleBoolean value="false"/>
    </resource>
    <resource>
      <extension url="http://hl7.org/fhir/tools/StructureDefinition/resource-information">
        <valueString value="SearchParameter"/>
      </extension>
      <reference>
        <reference value="SearchParameter/jp-practitioner-name-sp"/>
      </reference>
      <name value="jp-practitioner-name-sp"/>
      <description value="practitionerリソースのnameに関する検索を定義します。"/>
      <exampleBoolean value="false"/>
    </resource>
    <resource>
      <extension url="http://hl7.org/fhir/tools/StructureDefinition/resource-information">
        <valueString value="SearchParameter"/>
      </extension>
      <reference>
        <reference value="SearchParameter/jp-practitionerrole-practitioner-sp"/>
      </reference>
      <name value="jp-practitionerrole-practitioner-sp"/>
      <description value="practitionerroleリソースのpractitionerに関する検索を定義します。"/>
      <exampleBoolean value="false"/>
    </resource>
    <resource>
      <extension url="http://hl7.org/fhir/tools/StructureDefinition/resource-information">
        <valueString value="SearchParameter"/>
      </extension>
      <reference>
        <reference value="SearchParameter/jp-practitionerrole-specialty-sp"/>
      </reference>
      <name value="jp-practitionerrole-specialty-sp"/>
      <description value="practitionerroleリソースのspecialtyに関する検索を定義します。"/>
      <exampleBoolean value="false"/>
    </resource>
    <resource>
      <extension url="http://hl7.org/fhir/tools/StructureDefinition/resource-information">
        <valueString value="SearchParameter"/>
      </extension>
      <reference>
        <reference value="SearchParameter/jp-procedure-date-sp"/>
      </reference>
      <name value="jp-procedure-date-sp"/>
      <description value="Procedureリソースの​performed(実施日時)に関する検索を定義します。"/>
      <exampleBoolean value="false"/>
    </resource>
    <resource>
      <extension url="http://hl7.org/fhir/tools/StructureDefinition/resource-information">
        <valueString value="SearchParameter"/>
      </extension>
      <reference>
        <reference value="SearchParameter/jp-procedure-patient-sp"/>
      </reference>
      <name value="jp-procedure-patient-sp"/>
      <description value="ProcedureリソースのPatient(患者)に関する検索を定義します。"/>
      <exampleBoolean value="false"/>
    </resource>
    <resource>
      <extension url="http://hl7.org/fhir/tools/StructureDefinition/resource-information">
        <valueString value="CapabilityStatement"/>
      </extension>
      <reference>
        <reference value="CapabilityStatement/jp-server-capabilitystatement"/>
      </reference>
      <name value="jp-server-capabilitystatement"/>
      <description value="JP Core Server Actorの期待される機能について説明する。&#xA;JP Core ServerがサポートするFHIRプロファイル、OperationsおよびSearch Parametersのリストが定義されている。"/>
      <exampleBoolean value="false"/>
    </resource>
    <page>
      <nameUrl value="toc.html"/>
      <title value="Table of Contents"/>
      <generation value="html"/>
      <page>
        <nameUrl value="index.html"/>
        <title value="HL7 FHIR JP Core 実装ガイド ＜Draft Ver1.1＞"/>
        <generation value="markdown"/>
      </page>
      <page>
        <nameUrl value="guidance.html"/>
        <title value="ガイダンス"/>
        <generation value="markdown"/>
        <page>
          <nameUrl value="guide-general.html"/>
          <title value="総合ガイダンス"/>
          <generation value="markdown"/>
        </page>
        <page>
          <nameUrl value="guide-mustSupportCardinality.html"/>
          <title value="Must SupportとCardinality(多重度)のルール"/>
          <generation value="markdown"/>
        </page>
        <page>
          <nameUrl value="guide-handlingOfNonExistentData.html"/>
          <title value="欠損値（データが存在しない場合）の扱い"/>
          <generation value="markdown"/>
        </page>
        <page>
          <nameUrl value="guide-characterEncoding.html"/>
          <title value="文字コード"/>
          <generation value="markdown"/>
        </page>
        <page>
          <nameUrl value="guide-stringSearch.html"/>
          <title value="検索"/>
          <generation value="markdown"/>
        </page>
      </page>
      <page>
        <nameUrl value="group-fhircontents.html"/>
        <title value="FHIR Contents List"/>
        <generation value="markdown"/>
        <page>
          <nameUrl value="group-administration.html"/>
          <title value="Administration Group"/>
          <generation value="markdown"/>
        </page>
        <page>
          <nameUrl value="group-medication.html"/>
          <title value="Medication Group"/>
          <generation value="markdown"/>
        </page>
        <page>
          <nameUrl value="group-diagnostic.html"/>
          <title value="Diagnostic Group"/>
          <generation value="markdown"/>
        </page>
        <page>
          <nameUrl value="group-clinical.html"/>
          <title value="Clinical Group"/>
          <generation value="markdown"/>
        </page>
      </page>
      <page>
        <nameUrl value="security.html"/>
        <title value="セキュリティ"/>
        <generation value="markdown"/>
      </page>
      <page>
        <nameUrl value="download.html"/>
        <title value="ダウンロード"/>
        <generation value="markdown"/>
      </page>
    </page>
    <parameter>
      <code value="path-resource"/>
      <value value="input/resources"/>
    </parameter>
    <parameter>
      <code value="path-resource"/>
      <value value="fsh-generated/resources"/>
    </parameter>
    <parameter>
      <code value="path-pages"/>
      <value value="input/pagecontent"/>
    </parameter>
    <parameter>
      <code value="path-pages"/>
      <value value="input/intro-notes"/>
    </parameter>
    <parameter>
      <code value="path-pages"/>
      <value value="fsh-generated/includes"/>
    </parameter>
    <parameter>
      <code value="path-resource"/>
      <value value="input/capabilities"/>
    </parameter>
    <parameter>
      <code value="path-resource"/>
      <value value="input/examples"/>
    </parameter>
    <parameter>
      <code value="path-resource"/>
      <value value="input/extensions"/>
    </parameter>
    <parameter>
      <code value="path-resource"/>
      <value value="input/models"/>
    </parameter>
    <parameter>
      <code value="path-resource"/>
      <value value="input/operations"/>
    </parameter>
    <parameter>
      <code value="path-resource"/>
      <value value="input/profiles"/>
    </parameter>
    <parameter>
      <code value="path-resource"/>
      <value value="input/vocabulary"/>
    </parameter>
    <parameter>
      <code value="path-resource"/>
      <value value="input/testing"/>
    </parameter>
    <parameter>
      <code value="path-resource"/>
      <value value="input/history"/>
    </parameter>
    <parameter>
      <code value="path-pages"/>
      <value value="template/config"/>
    </parameter>
    <parameter>
      <code value="path-pages"/>
      <value value="input/images"/>
    </parameter>
    <parameter>
      <code value="path-tx-cache"/>
      <value value="input-cache/txcache"/>
    </parameter>
  </definition>
</ImplementationGuide>