<?xml version="1.0" encoding="UTF-8"?>

<SearchParameter xmlns="http://hl7.org/fhir">
  <id value="jp-patient-name-sp"/>
  <text>
    <status value="generated"/><div xmlns="http://www.w3.org/1999/xhtml"><p><b>Generated Narrative</b></p><div style="display: inline-block; background-color: #d9e0e7; padding: 6px; margin: 4px; border: 1px solid #8da1b4; border-radius: 5px; line-height: 60%"><p style="margin-bottom: 0px">Resource "jp-patient-name-sp" </p></div><p><b>url</b>: <code>http://jpfhir.jp/fhir/core/SearchParameter/jp-patient-name-sp</code></p><p><b>version</b>: 1.1.0a</p><p><b>name</b>: JPPatientNameSP</p><p><b>status</b>: draft</p><p><b>date</b>: 2022-03-16</p><p><b>publisher</b>: FHIR Japanese implementation research working group in Japan Association of Medical Informatics (JAMI)</p><p><b>contact</b>: FHIR Japanese implementation research working group in Japan Association of Medical Informatics (JAMI): <a href="http://jpfhir.jp">http://jpfhir.jp</a>,<a href="mailto:office@hlfhir.jp">office@hlfhir.jp</a></p><p><b>description</b>: Patientリソースのname(名前全体)に関する検索を定義します。</p><p><b>jurisdiction</b>: Japan <span style="background: LightGoldenRodYellow; margin: 4px; border: 1px solid khaki"> (unknown#JP)</span></p><p><b>code</b>: name</p><p><b>base</b>: Patient</p><p><b>type</b>: string</p><p><b>expression</b>: Patient.name</p><p><b>xpath</b>: f:Patient/f:name</p><p><b>xpathUsage</b>: normal</p><p><b>multipleOr</b>: true</p><p><b>multipleAnd</b>: true</p><p><b>modifier</b>: missing, exact, contains</p></div>
  </text>
  <url value="http://jpfhir.jp/fhir/core/SearchParameter/jp-patient-name-sp"/>
  <version value="1.1.0a"/>
  <name value="JPPatientNameSP"/>
  <status value="draft"/>
  <date value="2022-03-16"/>
  <publisher value="FHIR Japanese implementation research working group in Japan Association of Medical Informatics (JAMI)"/>
  <contact>
    <name value="FHIR Japanese implementation research working group in Japan Association of Medical Informatics (JAMI)"/>
    <telecom>
      <system value="url"/>
      <value value="http://jpfhir.jp"/>
    </telecom>
    <telecom>
      <system value="email"/>
      <value value="office@hlfhir.jp"/>
    </telecom>
  </contact>
  <description value="Patientリソースのname(名前全体)に関する検索を定義します。"/>
  <jurisdiction>
    <coding>
      <system value="urn:iso:std:iso:3166"/>
      <code value="JP"/>
    </coding>
  </jurisdiction>
  <code value="name"/>
  <base value="Patient"/>
  <type value="string"/>
  <expression value="Patient.name"/>
  <xpath value="f:Patient/f:name"/>
  <xpathUsage value="normal"/>
  <multipleOr value="true">
    <extension url="http://hl7.org/fhir/StructureDefinition/capabilitystatement-expectation">
      <valueCode value="MAY"/>
    </extension>
  </multipleOr>
  <multipleAnd value="true">
    <extension url="http://hl7.org/fhir/StructureDefinition/capabilitystatement-expectation">
      <valueCode value="MAY"/>
    </extension>
  </multipleAnd>
  <modifier value="missing">
    <extension url="http://hl7.org/fhir/StructureDefinition/capabilitystatement-expectation">
      <valueCode value="MAY"/>
    </extension>
  </modifier>
  <modifier value="exact">
    <extension url="http://hl7.org/fhir/StructureDefinition/capabilitystatement-expectation">
      <valueCode value="MAY"/>
    </extension>
  </modifier>
  <modifier value="contains">
    <extension url="http://hl7.org/fhir/StructureDefinition/capabilitystatement-expectation">
      <valueCode value="MAY"/>
    </extension>
  </modifier>
</SearchParameter>