{"resourceType":"SearchParameter","id":"jp-diagnosticreport-servicerequest-sp","url":"http://jpfhir.jp/fhir/core/SearchParameter/jp-diagnosticreport-servicerequest-sp","version":"1.1.0a","name":"JPDiagnosticReportServiceRequestSP","status":"draft","date":"2022-03-16","publisher":"FHIR Japanese implementation research working group in Japan Association of Medical Informatics (JAMI)","contact":[{"name":"FHIR Japanese implementation research working group in Japan Association of Medical Informatics (JAMI)","telecom":[{"system":"url","value":"http://jpfhir.jp"},{"system":"email","value":"office@hlfhir.jp"}]}],"description":"DiagnosticReportリソースのservicerequest(検査依頼診療科)に関する検索を定義します。","jurisdiction":[{"coding":[{"system":"urn:iso:std:iso:3166","code":"JP"}]}],"code":"servicerequest","base":["DiagnosticReport"],"type":"reference","expression":"DiagnosticReport.based-on.where(resolve() is ServiceRequest)","xpath":"f:DiagnosticReport/f:based-on","xpathUsage":"normal","target":["Patient","Group"],"multipleOr":true,"_multipleOr":{"extension":[{"url":"http://hl7.org/fhir/StructureDefinition/capabilitystatement-expectation","valueCode":"MAY"}]},"multipleAnd":true,"_multipleAnd":{"extension":[{"url":"http://hl7.org/fhir/StructureDefinition/capabilitystatement-expectation","valueCode":"MAY"}]},"modifier":["missing","type","identifier"],"_modifier":[{"extension":[{"url":"http://hl7.org/fhir/StructureDefinition/capabilitystatement-expectation","valueCode":"MAY"}]},{"extension":[{"url":"http://hl7.org/fhir/StructureDefinition/capabilitystatement-expectation","valueCode":"MAY"}]},{"extension":[{"url":"http://hl7.org/fhir/StructureDefinition/capabilitystatement-expectation","valueCode":"MAY"}]}]}