{"resourceType":"ValueSet","id":"jp-core-work-valueset-EventStatus","text":{"status":"generated","div":"<div xmlns=\"http://www.w3.org/1999/xhtml\"><ul><li>Include all codes defined in <a href=\"CodeSystem-jp-core-work-codesystem-EventStatus.html\"><code>https://hl7fhir.jp/fhir/ImplementationGuide/jp-core-work-codesystem-EventStatus</code></a></li></ul></div>"},"url":"https://hl7fhir.jp/fhir/ImplementationGuide/jp-core-work-valueset-EventStatus","version":"1.1.0a","name":"EventStatus","title":"Procedureの状態","status":"draft","date":"2022-03-18T07:01:27+00:00","publisher":"FHIR Japanese implementation research working group in Japan Association of Medical Informatics (JAMI)","contact":[{"name":"FHIR Japanese implementation research working group in Japan Association of Medical Informatics (JAMI)","telecom":[{"system":"url","value":"http://jpfhir.jp"},{"system":"email","value":"office@hlfhir.jp"}]}],"jurisdiction":[{"coding":[{"system":"urn:iso:std:iso:3166","code":"JP"}]}],"copyright":"FHIR Japanese implementation research working group in Japan Association of Medical Informatics (JAMI)","compose":{"include":[{"system":"https://hl7fhir.jp/fhir/ImplementationGuide/jp-core-work-codesystem-EventStatus"}]}}